id,name,school_id,username,password,birth_date,role,is_active
1,Leontyne Kmieciak,4,oorzaz77,$u%K-*5-##_,1975-06-12,member-teacher,1
2,Francois Coldham,3,rvmlrhcmc53,$i&+*-K$^&,1995-04-03,member-teacher,1
3,Clarette Alvarado,1,nfkrwwed58,+-$*,1998-09-14,member-teacher,1
4,Dollie Pozzo,2,hhbkznvclj17,*,2000-01-07,member-student,1
5,Foster Caso,5,umsapy04,&^+*$,1988-03-22,manager,1
6,Hale Towlson,1,ypqpaar90,33!&7,1975-01-17,member-teacher,1
7,Anna-maria Ridewood,4,vttlexndx26,!-%-^F-+@^!,1997-10-16,member-teacher,1
8,Carmen Giannazzi,2,btdrzz45,$^-7,1980-06-17,member-student,1
9,Lanny Japp,3,mejrhvt46,efu&$n!##!,1979-02-28,member-student,1
10,Augustus Trevascus,3,ydmrms07,&+=-$,1985-04-02,member-student,1
11,Wernher Perelli,2,kpxtxqso52,A-_,1995-08-05,member-student,1
12,Andra Pickover,2,bphyodtih42,!=^_-TI+_,1983-11-28,member-student,1
13,Rayshell Cassell,3,cduhdgxzsb41,+k9$+7#-@,2001-02-12,member-teacher,1
14,Raphaela Mark,4,jiszng02,J=^wx,1996-09-13,manager,1
15,Gris Randle,5,hioyui71,_&!,1994-08-12,manager,1
16,Antin Kilmurry,4,dejxtk09,#,1991-02-04,member-student,1
17,Chico Chafney,4,wxhzvn30,#!-$,1996-01-27,member-teacher,1
18,Lorrie Yansons,5,utguu25,=$$%+__,1976-01-21,member-student,1
19,Osmond Guierre,2,veecq76,N&10$3,1986-05-24,member-teacher,1
20,Maryjane de Castelain,5,ohxdyapshc14,-_-#0b-=^%,1988-09-04,member-student,1
21,Isabelita Mariel,3,ltwaskt52,-,1989-05-13,member-student,1
22,Michele Goodhew,3,oyrzham45,=%l@,1997-05-30,member-student,1
23,Alfie Crummey,1,swtjesbwda31,=&&+q!**=@_,1984-11-29,member-student,1
24,Lacee Windous,5,ovpwrcc03,_%%%,1993-10-18,member-teacher,1
25,Mignonne Isson,3,nobuwwx72,t=M$-*-*-,1986-04-15,manager,1
26,Krystal Sidnell,4,nasrv82,+%_,1994-06-06,member-teacher,1
27,Gael Hinkensen,2,juwojzbts65,-!%*&#,1978-11-14,manager,1
28,Maegan Reolfi,2,tqitisznan83,=$!kh&$i$*n_,2000-12-30,member-student,1
29,Clotilda Kelland,2,idfdylbzah03,9!@%,1988-10-24,manager,1
30,Sidonia Ivers,4,lqxswvas62,1i*@f=_-=,1977-08-27,member-teacher,1
31,Chandra O'Codihie,5,uiehgh23,%,1978-02-14,member-teacher,1
32,Wayland Murt,4,urhefkdeui09,^%@@!&&^*_,1983-01-17,member-student,1
33,Hansiain Hopfer,2,xtykqyt44,7u!+9$**!,1997-11-16,member-student,1
34,Manya Fattori,1,nigpxkbbu89,652-+%*%,1986-06-19,member-student,1
35,Dolores Doyle,3,gqhurji58,6+%-_f=,1987-07-30,member-student,1
36,Dominga See,4,ucjafu62,m,1983-11-23,member-student,1
37,Susanne Le Marquand,1,cckwxsy37,^!K$,1977-04-18,member-teacher,1
38,Jerald Docket,4,oyltw19,_7+&,1997-11-28,manager,1
39,Wilmer Silvermann,2,elvrvohxl55,^,1999-04-30,manager,1
40,Alvinia Buncombe,4,hyzjgpfi29,j@_&0*&@!%%,1990-03-29,member-student,1
41,Suzy Caps,2,cnzpwfkcai05,*@^&^*-m^!,1982-06-02,member-teacher,1
42,Petronille Brandon,2,ilbuenh77,k@%+@,1999-07-15,member-teacher,1
43,Bat McCurt,1,dqdsazubw07,W&!&%$N,1986-03-12,member-teacher,1
44,Biron Jedras,5,vxmfes05,#%!#*&#@,1988-01-14,member-student,1
45,Glen Cutajar,3,rplrrjyze85,!!+*==A&!+^,1992-10-03,member-student,1
46,Carolynn De Ferrari,5,hpnubvji39,*%g#^D$,1993-10-04,member-student,1
47,Teri Fricke,4,okfpsb54,P&*!!^#@!,1976-09-24,member-student,1
48,Janot Normanville,3,ssdjogmiei37,-@!_#%%7,2003-08-04,member-teacher,1
49,Jillene De Cruce,2,qhdsvmdgcr40,9$$_$$@#,1978-10-07,manager,1
50,Tania Priest,5,joelhw48,_#-4r&_GH-@,1977-10-13,member-student,1
51,Charmane Rama,4,gcvpcyfer09,u!#&5!G,1978-12-18,member-teacher,1
52,Doralia Wagon,2,mvfzxwlurj75,#_%t=#+Z^,2005-11-25,member-student,1
53,Konrad Blondel,3,cnocwlx93,#,1977-02-28,member-teacher,1
54,Sula Phillcox,5,arlocym07,^,1997-01-30,member-student,1
55,Florette Atwel,1,ctprxoje48,!=_@,1977-10-25,member-student,1
56,Elmer Kiggel,3,mjznwmrt86,f_=n,2002-01-03,member-student,1
57,Janos Cloutt,1,xkuvh49,@$%_,2004-08-05,member-student,1
58,Bondy Fryman,4,bykvy15,_=d&-^I!,2004-06-13,member-student,1
59,Salomo Lammenga,1,amdxm32,@_,1979-01-01,member-student,1
60,Moise Kalvin,2,uldzwlgo65,*-!&!@=!q,1999-05-22,member-student,1
61,Fan Markey,4,ncxhwbjk13,=,1990-10-23,member-teacher,1
62,Margret Hallan,5,diqmge01,+#!##,1989-09-06,manager,1
63,Carline Boldison,5,kzwuyetz18,#%$#_E,1987-01-18,member-student,1
64,Alethea Grombridge,2,llxlb90,#,1983-01-22,member-student,1
65,Christabella Brotheridge,4,hslwi74,#%#-,1996-08-13,member-teacher,1
66,Faustine Stansfield,1,asjakpaudk11,=_&!%&q#-!,1982-07-27,member-student,1
67,Paulette Deer,4,hbmcqbfrzr27,Yt=$_@+%=-^@,1999-02-04,member-teacher,1
68,Sherrie Barstow,1,rysnp77,==&^@$f&-@,2001-08-11,member-teacher,1
69,Dorolisa Hugonet,3,wrdroa25,@=3z!,1975-07-07,member-student,1
70,Job Giannoni,4,npjlxc21,-!,1975-02-22,member-teacher,1
71,Helyn Mattimoe,4,fiuim86,#0$j%$*#@=-,1996-05-11,member-student,1
72,Chicky Dymoke,2,djzkspnm39,&=#@x+*,2005-11-08,member-teacher,1
73,Chariot Todarello,1,purji16,#YF_$#-_A,1996-05-04,manager,1
74,Mohandas Everett,1,emfycde07,*#W+#+-%%-_,1998-07-03,member-teacher,1
75,Donaugh Dealy,1,fehyknas19,!$0,1982-05-22,manager,1
76,Tomasina Birtchnell,2,prafgttoz70,#%#_^!9#2%@,1996-10-27,member-student,1
77,Merci Flanagan,2,shgphlfsqu36,%-^^-=%&=_%,1976-05-24,manager,1
78,Alleyn Olivo,4,tuljrclbom09,=u*-=+0,1975-02-23,member-teacher,1
79,Niko Burdell,2,fsjdvban29,!=6q@,1978-12-05,member-teacher,1
80,Cate Dudny,2,vkzpeocxn17,_*#E=3w!=@*$,1985-09-20,member-teacher,1
81,Pattin Austins,1,slpodjfau39,8%#q,1998-07-01,member-teacher,1
82,Saxe Edger,1,fegtzzmlws10,5h=%,1981-01-29,member-teacher,1
83,Rodie Alwood,4,bzbvpvv04,-@%_!#%,1975-06-27,member-student,1
84,Lanna Duckels,5,xaclyfwrsi95,+r@@,1987-10-18,member-teacher,1
85,Mariellen Beardwell,1,gipbpcy99,=!E#+#$@!R,1988-01-30,member-teacher,1
86,Neda Grinyov,5,hhbytprg47,n+#@%!^@g_^,1989-09-10,member-teacher,1
87,Nevile Medley,4,rcmuyke97,=*+&&,1989-08-07,member-teacher,1
88,Clo Lydall,1,nxkvqkbymp64,-%,1975-09-18,manager,1
89,Petronille Jewar,4,uehuo23,@,1975-02-17,member-student,1
90,Zorine Ortiger,4,qubvnwdq76,Y-+=8&!i%&,1997-07-31,member-student,1
91,Angelle Troker,5,hpuhls64,&&^sT%=,1994-03-17,member-teacher,1
92,Berny Ubee,4,jifbzs28,v+a9-,1975-03-03,member-teacher,1
93,Clarita Canwell,2,nxebxwkxl43,e%_!@,1988-01-06,manager,1
94,Niven McWaters,1,qvwwzlu58,=*^@O-W!,1989-01-27,manager,1
95,Petrina Josh,3,hopuakc51,#y!$!!@*b=,1999-06-03,member-student,1
96,Cloris Males,4,dpqrpjly28,!E!1u^-&l3^!,1983-02-27,member-student,1
97,Lurette Lightbody,3,rgfhew84,T*,1977-04-20,member-teacher,1
98,Flossy McCadden,1,peikui46,^_*$gS!$-%,1981-02-22,manager,1
99,Valentina Schwander,1,rsprmnuc10,&#@7S@@,1995-06-24,manager,1
100,Devin Lowndes,4,ohjtf80,#_-##$0,1991-12-11,manager,1
101,Valentin Swadlinge,4,kfrvimuc28,+b0o%-,1990-08-06,member-teacher,1
102,Izak Gundrey,4,qtluehyid13,+#*_,1984-04-27,member-teacher,1
103,Hammad Anlay,1,yleqdvllw92,+,2005-11-30,member-student,1
104,Nance Perotti,4,wmvscui23,*L!1g,1986-08-15,member-teacher,1
105,Larina Handrik,4,unlpreflxl40,*_t_Z+@_0^&,1997-06-05,member-teacher,1
106,Carmon Mockes,1,jnzalxfuli38,-@S!___!=X^+,2001-08-17,member-teacher,1
107,Chrissy Liversage,4,flrlbozi39,$2m&_$$^2*_,2002-11-27,member-teacher,1
108,Abigael Severy,4,zntqzkuomo88,QfYM&=&=%-,1991-11-27,member-student,1
109,Marni Kidby,5,vvutyzoz72,&!+,1978-08-19,member-teacher,1
110,Hoyt Notton,1,aelzc30,-d&+*_,2004-02-24,member-teacher,1
111,Brittany Zamora,2,ifyzz57,+,1995-10-07,member-teacher,1
112,Gray Nias,1,upftnyhuef12,_+$$q@3^,2003-01-10,member-student,1
113,Marlow Coite,4,mdfqfiuwm69,O!,1990-04-29,member-teacher,1
114,Darlene Chicotti,4,ugslhzv37,^&-&-_=1,1992-08-02,member-student,1
115,Cosette Iacovo,4,odcxl57,-#%_!!*v-,1977-05-11,member-student,1
116,Stoddard Clapshaw,4,bigam18,^=@+,1993-05-19,member-student,1
117,Silva Bengough,1,ceqsbdghn76,*,1998-01-26,member-student,1
118,Sonny Kneel,2,xvfwkwbpx48,-,1993-11-03,member-student,1
119,Marsha Voelker,3,oouxr69,i#rg$^@!^@1^,2001-05-30,member-teacher,1
120,Maurits Quirk,5,rotsjb20,#%++,1998-11-15,member-teacher,1
121,Kyle Tyas,1,ygpdauj64,^&@=@&%8!#--,1991-08-24,manager,1
122,Sephira Elington,2,jylpoo44,+=^&+=#*,1992-04-13,member-teacher,1
123,Celinka Rodden,5,laqxkl45,y$=06-,1991-01-23,member-student,1
124,Caleb Pippin,4,rlorozux84,@p+=iV,1997-05-26,member-student,1
125,Ignazio Halstead,2,povywlk45,l-!*$#X4_!$^,1998-11-30,manager,1
126,Elwyn Pinnere,2,oebonhtlv30,O*!@=$NMQ-+,2001-08-21,member-teacher,1
127,Ninon Skeldon,1,zcaqux41,=#_^&,2004-11-01,manager,1
128,Dorena Dulwitch,1,mdlsxbe28,x%$-%+*+!!=,1981-09-27,member-student,1
129,Crystie Pallaske,5,mmlsc62,^_#_!&^+7+,1995-01-04,manager,1
130,Lesya Dericot,1,uxvpgkh96,$_#@#k,2005-07-29,member-student,1
131,Mohandas Dobbyn,1,rspljpmtk41,!*H$8!,1998-02-27,member-teacher,1
132,Leia Battrick,3,kqrlxw98,@@,1989-12-24,member-teacher,1
133,Yorgos Mark,1,icgzdpipw99,!44_,1976-08-16,member-teacher,1
134,Colleen Corbet,3,ttyzrgkdry29,*&,1990-01-07,member-teacher,1
135,Conway Minget,1,zrkhhynd49,f,1979-05-21,member-student,1
136,Teddy Whittenbury,3,wcyeckucpd37,+!$%x#--=,1990-05-02,member-student,1
137,Corabel Ravelus,1,mowkf64,=#&+,1999-04-28,member-student,1
138,Husein Klaus,1,pxzkpkk27,&@#,1976-11-20,member-student,1
139,Carlota Heinecke,1,bgjbbv32,+&9!^8!^h,2003-06-27,member-student,1
140,Eartha Bemment,5,msfvnedl27,p*3,1980-08-06,member-teacher,1
141,Estrellita Baddoe,3,mxgadorraw59,@2!*@$4$,1990-08-30,member-student,1
142,Steve Barrick,1,fdequb98,+^+_i+,1998-01-19,member-student,1
143,Nikolos Surtees,5,bmopcxzyn06,^%%^&+92,1988-08-27,member-student,1
144,Dede Collinwood,4,ronnnhys19,zE,1990-12-22,member-student,1
145,Crosby Stangoe,4,jsqvolevq72,#H&@*#r%#3,1996-05-17,member-student,1
146,Virge Sabater,5,njqumcyjd23,!,1978-09-22,member-student,1
147,Lenore Gardiner,4,bbdlbqgh97,-*-@*x-**_,1994-02-03,member-student,1
148,Kerri Tarn,5,rofmzq27,%&,1994-08-17,member-student,1
149,Angelique Giacopetti,4,jebyewwai54,9!+%O-&$,1987-08-14,manager,1
150,Deena Blanchard,3,dkzub44,%%&=kH-H=j,1986-07-18,member-student,1
151,Georgina Vlasenko,5,dplikpiyrq98,2*^Z*J!%&*#,1985-04-22,member-student,1
152,Cissy Herrieven,4,xlanb90,x@=^9l-3+,1998-08-29,member-student,1
153,Valerye Sparham,5,gkuqzqcrfa64,6_0=,1991-01-30,member-teacher,1
154,Elna Ablitt,2,saurtx11,@L,1984-10-21,member-student,1
155,Skippy Tuffey,3,ajnuxf71,@j&=,1996-07-24,member-student,1
156,Sylvia Genney,3,cdjdzo03,$,1983-05-16,member-teacher,1
157,Reamonn Lorkins,4,zxtei65,!K,1986-08-23,member-teacher,1
158,Margaret Valett,3,kdpjlosz32,X,1997-08-14,manager,1
159,Rita Brunn,2,toxaxwfsgi12,+^@^=U6%,2004-05-04,member-student,1
160,Jess Jeenes,3,civhvni30,^&^_%*,1982-03-06,member-student,1
161,Welsh Moggach,5,uqxnviy29,_-!_^-^Y%7#$,1995-11-23,manager,1
162,Nedda Silverston,1,gmknebop37,=Q&&O,1978-06-24,manager,1
163,Andree Craythorne,1,luacrmm50,$#!^%-!+#,2003-02-09,manager,1
164,Caressa Bennet,3,eokxan21,_@-@,1983-06-28,member-student,1
165,Clarke Jenks,5,lioctag17,^g+7__$!&*+%,1978-06-03,member-student,1
166,Rickie Druce,2,oboqv98,@==$&,1982-12-26,manager,1
167,Elinor Jekel,5,qriwwe01,$&##2^v^o=&B,1989-12-20,member-teacher,1
168,Domingo LaBastida,1,snshc50,yKrd,1989-09-18,member-teacher,1
169,Pincus Collimore,4,hhyxjjwpen30,%t_+!_,2001-08-22,member-student,1
170,Phoebe Arney,3,ekbdh88,+@=*=*!$-,1979-08-19,member-student,1
171,Shauna Bottell,2,wolsxp10,=%Z2!%#^@,1993-08-18,member-student,1
172,Galvin McDougall,3,rzpfqxq04,#!=2aq%s@7-&,1992-03-04,member-student,1
173,Chev Borer,4,huybjlvkmc90,=!*Jg*4#-xq,1984-11-15,member-student,1
174,Leslie Huddles,3,valcbvnec79,$##+^,1981-10-23,member-teacher,1
175,Alexander Gunter,3,mzdnlduqdy63,&+#s=#_=&_#-,2004-02-21,member-teacher,1
176,Rogers Balm,2,cfkzasqa99,+$*,1993-11-11,manager,1
177,Peyton Hasson,1,qynjpasct44,_@$$,2002-02-19,manager,1
178,Hilary Dreschler,3,jfpcuvm04,^-b=Q=!=__I&,1981-10-19,member-student,1
179,Cordy Charpin,2,lqirpfvsk69,=+,1995-12-03,member-teacher,1
180,Ludvig MacElroy,3,fctwy19,+!#E=_@$-,1989-06-08,member-teacher,1
181,Giustina Stonhewer,1,uhwyjf74,___#%,1984-08-30,member-student,1
182,Annaliese Luis,4,brubkyhfi28,^&=_&+$,1996-10-24,manager,1
183,Huntlee Spuner,1,plrrhe51,3$=%&^%%-*b,1988-01-27,member-teacher,1
184,Florencia Faber,2,gwoeqvrxuv06,4%,1997-12-28,member-teacher,1
185,Osmond Brimilcombe,4,vtaswmjzzk59,T%,2000-09-03,member-student,1
186,Sophronia Marshman,4,pweuezgdl88,_J$,1977-10-22,member-teacher,1
187,Derek Goodier,4,ivkqwm68,_&@d%&__&^-,1986-04-04,member-student,1
188,Ricca Laycock,3,kamhitpgf75,z+q&&&!,1991-11-11,manager,1
189,Huntley Han,1,ruuryi91,*v+o@%%i-,1995-01-07,manager,1
190,Payton McKeighen,1,oyxtytvulr85,nl,2003-06-24,member-teacher,1
191,Devora Dodge,4,dpiao57,&r%=o+#+@+@,1984-06-10,member-teacher,1
192,Berkeley Trumble,3,nayayjtp83,$,1977-04-15,member-teacher,1
193,Merrile Heugh,1,lxgetjaxdd22,-^^@_$$%#-,1983-02-25,member-teacher,1
194,Hillary Edmand,4,uokvwxtg93,=K@_#-&*,2003-08-13,member-teacher,1
195,Tatiania Lumbers,5,wnzmuoqz93,&#$!p,1997-03-31,manager,1
196,Marylin Skaid,1,yqphc71,@,1992-06-25,member-student,1
197,Jennine Winborn,2,xxibe43,!+%^!E%,2001-11-03,member-student,1
198,Llewellyn Bartolomucci,5,ypwpm59,^^!^6$_@*,1991-03-16,manager,1
199,Reinald Escale,1,imjchgp64,=$*!=%=2!,1979-11-29,member-teacher,1
200,Yancy Synder,4,sbfndzkxgn48,!f_@5,1975-12-18,member-teacher,1
